Client,CustomerAccountNumber,AdjustmentTypeCode,EffectiveOn,SundryTypeCode,Amount,Reference,GLAccountCode,GLDescription,Reserved1,Reserved2
WES France,00072246,A05,25/08/2021,6301,45,NUF0721001,G12,Frais Compte Inactif,,
WES France,00066920,A05,25/08/2021,6301,45,NUF0721002,G12,Frais Compte Inactif,,
WES France,00305460,A05,25/08/2021,6301,45,NUF0721003,G12,Frais Compte Inactif,,
WES France,00307180,A05,25/08/2021,6301,45,NUF0721004,G12,Frais Compte Inactif,,
WES France,00307094,A05,25/08/2021,6301,45,NUF0721007,G12,Frais Compte Inactif,,
WES France,00306394,A05,25/08/2021,6301,45,NUF0721008,G12,Frais Compte Inactif,,
WES France,00306153,A05,25/08/2021,6301,45,NUF0721009,G12,Frais Compte Inactif,,
WES France,00306231,A05,25/08/2021,6301,45,NUF0721010,G12,Frais Compte Inactif,,
WES France,00019373,A05,25/08/2021,6301,45,NUF0721011,G12,Frais Compte Inactif,,
WES France,00059354,A05,25/08/2021,6301,45,NUF0721012,G12,Frais Compte Inactif,,
WES France,00043616,A05,25/08/2021,6301,45,NUF0721013,G12,Frais Compte Inactif,,
WES France,00056943,A09,25/08/2021,6301,18,LUF0721001,G13,Frais Admin du Compte,,
WES France,00061790,A09,25/08/2021,6301,18,LUF0721002,G13,Frais Admin du Compte,,
WES France,00049268,A09,25/08/2021,6301,18,LUF0721003,G13,Frais Admin du Compte,,
WES France,00071476,A09,25/08/2021,6301,18,LUF0721004,G13,Frais Admin du Compte,,
WES France,00072173,A09,25/08/2021,6301,18,LUF0721005,G13,Frais Admin du Compte,,
WES France,00072152,A09,25/08/2021,6301,18,LUF0721006,G13,Frais Admin du Compte,,
WES France,00060202,A09,25/08/2021,6301,18,LUF0721008,G13,Frais Admin du Compte,,
WES France,00040099,A09,25/08/2021,6301,18,LUF0721009,G13,Frais Admin du Compte,,
WES France,00065773,A09,25/08/2021,6301,18,LUF0721010,G13,Frais Admin du Compte,,
WES France,00072537,A09,25/08/2021,6301,18,LUF0721011,G13,Frais Admin du Compte,,
WES France,00067514,A09,25/08/2021,6301,18,LUF0721012,G13,Frais Admin du Compte,,
WES France,00070914,A09,25/08/2021,6301,18,LUF0721013,G13,Frais Admin du Compte,,
WES France,00046475,A09,25/08/2021,6301,18,LUF0721014,G13,Frais Admin du Compte,,
WES France,00059654,A09,25/08/2021,6301,18,LUF0721015,G13,Frais Admin du Compte,,
WES France,00073714,A09,25/08/2021,6301,18,LUF0721016,G13,Frais Admin du Compte,,
WES France,00060652,A09,25/08/2021,6301,18,LUF0721017,G13,Frais Admin du Compte,,
WES France,00073016,A09,25/08/2021,6301,18,LUF0721018,G13,Frais Admin du Compte,,
WES France,00036021,A09,25/08/2021,6301,18,LUF0721019,G13,Frais Admin du Compte,,
WES France,00068717,A09,25/08/2021,6301,18,LUF0721020,G13,Frais Admin du Compte,,
WES France,00070387,A09,25/08/2021,6301,18,LUF0721021,G13,Frais Admin du Compte,,
WES France,00073310,A09,25/08/2021,6301,18,LUF0721022,G13,Frais Admin du Compte,,
WES France,00069150,A09,25/08/2021,6301,18,LUF0721023,G13,Frais Admin du Compte,,
WES France,00070015,A09,25/08/2021,6301,18,LUF0721024,G13,Frais Admin du Compte,,
WES France,00070269,A09,25/08/2021,6301,18,LUF0721025,G13,Frais Admin du Compte,,
WES France,00068024,A09,25/08/2021,6301,18,LUF0721026,G13,Frais Admin du Compte,,
WES France,00067527,A09,25/08/2021,6301,18,LUF0721027,G13,Frais Admin du Compte,,
WES France,00032778,A09,25/08/2021,6301,18,LUF0721028,G13,Frais Admin du Compte,,
WES France,00036906,A09,25/08/2021,6301,18,LUF0721029,G13,Frais Admin du Compte,,
WES France,00041120,A09,25/08/2021,6301,18,LUF0721030,G13,Frais Admin du Compte,,
WES France,00053434,A09,25/08/2021,6301,18,LUF0721031,G13,Frais Admin du Compte,,
WES France,00072446,A09,25/08/2021,6301,18,LUF0721032,G13,Frais Admin du Compte,,
WES France,00069280,A09,25/08/2021,6301,18,LUF0721033,G13,Frais Admin du Compte,,
WES France,00071217,A09,25/08/2021,6301,18,LUF0721034,G13,Frais Admin du Compte,,
WES France,00068205,A09,25/08/2021,6301,18,LUF0721035,G13,Frais Admin du Compte,,
WES France,00071937,A09,25/08/2021,6301,18,LUF0721036,G13,Frais Admin du Compte,,
WES France,00063797,A09,25/08/2021,6301,18,LUF0721037,G13,Frais Admin du Compte,,
WES France,00030948,A09,25/08/2021,6301,18,LUF0721038,G13,Frais Admin du Compte,,
WES France,00065444,A09,25/08/2021,6301,18,LUF0721039,G13,Frais Admin du Compte,,
WES France,00071266,A09,25/08/2021,6301,18,LUF0721040,G13,Frais Admin du Compte,,
WES France,00047332,A09,25/08/2021,6301,18,LUF0721041,G13,Frais Admin du Compte,,
WES France,00066954,A09,25/08/2021,6301,18,LUF0721042,G13,Frais Admin du Compte,,
WES France,00044187,A09,25/08/2021,6301,18,LUF0721043,G13,Frais Admin du Compte,,
WES France,00042530,A09,25/08/2021,6301,18,LUF0721044,G13,Frais Admin du Compte,,
WES France,00057786,A09,25/08/2021,6301,18,LUF0721045,G13,Frais Admin du Compte,,
WES France,00060941,A09,25/08/2021,6301,18,LUF0721046,G13,Frais Admin du Compte,,
WES France,00071029,A09,25/08/2021,6301,18,LUF0721047,G13,Frais Admin du Compte,,
WES France,00063782,A09,25/08/2021,6301,18,LUF0721048,G13,Frais Admin du Compte,,
WES France,00066864,A09,25/08/2021,6301,18,LUF0721049,G13,Frais Admin du Compte,,
WES France,00041023,A09,25/08/2021,6301,18,LUF0721050,G13,Frais Admin du Compte,,
WES France,00051862,A09,25/08/2021,6301,18,LUF0721051,G13,Frais Admin du Compte,,
WES France,00057068,A09,25/08/2021,6301,18,LUF0721052,G13,Frais Admin du Compte,,
WES France,00072851,A09,25/08/2021,6301,18,LUF0721053,G13,Frais Admin du Compte,,
WES France,00072578,A09,25/08/2021,6301,18,LUF0721054,G13,Frais Admin du Compte,,
WES France,00068171,A09,25/08/2021,6301,18,LUF0721055,G13,Frais Admin du Compte,,
WES France,00069795,A09,25/08/2021,6301,18,LUF0721056,G13,Frais Admin du Compte,,
WES France,00057442,A09,25/08/2021,6301,18,LUF0721057,G13,Frais Admin du Compte,,
WES France,00073131,A09,25/08/2021,6301,18,LUF0721058,G13,Frais Admin du Compte,,
WES France,00070941,A09,25/08/2021,6301,18,LUF0721059,G13,Frais Admin du Compte,,
WES France,00046780,A09,25/08/2021,6301,18,LUF0721060,G13,Frais Admin du Compte,,
WES France,00033265,A09,25/08/2021,6301,18,LUF0721061,G13,Frais Admin du Compte,,
WES France,00070904,A09,25/08/2021,6301,18,LUF0721062,G13,Frais Admin du Compte,,
WES France,00071603,A09,25/08/2021,6301,18,LUF0721063,G13,Frais Admin du Compte,,
WES France,00069948,A09,25/08/2021,6301,18,LUF0721064,G13,Frais Admin du Compte,,
WES France,00072053,A09,25/08/2021,6301,18,LUF0721065,G13,Frais Admin du Compte,,
WES France,00063650,A09,25/08/2021,6301,18,LUF0721066,G13,Frais Admin du Compte,,
WES France,00072142,A09,25/08/2021,6301,18,LUF0721067,G13,Frais Admin du Compte,,
WES France,00046391,A09,25/08/2021,6301,18,LUF0721068,G13,Frais Admin du Compte,,
WES France,00032740,A09,25/08/2021,6301,18,LUF0721069,G13,Frais Admin du Compte,,
WES France,00013266,A09,25/08/2021,6301,18,LUF0721070,G13,Frais Admin du Compte,,
WES France,00306283,A09,25/08/2021,6301,18,LUF0721072,G13,Frais Admin du Compte,,
WES France,00305380,A09,25/08/2021,6301,18,LUF0721073,G13,Frais Admin du Compte,,
WES France,00305501,A09,25/08/2021,6301,18,LUF0721074,G13,Frais Admin du Compte,,
WES France,00307354,A09,25/08/2021,6301,18,LUF0721075,G13,Frais Admin du Compte,,
WES France,00307259,A09,25/08/2021,6301,18,LUF0721076,G13,Frais Admin du Compte,,
WES France,00307182,A09,25/08/2021,6301,18,LUF0721077,G13,Frais Admin du Compte,,
WES France,00307193,A09,25/08/2021,6301,18,LUF0721078,G13,Frais Admin du Compte,,
WES France,00066499,A09,25/08/2021,6301,18,LUF0721079,G13,Frais Admin du Compte,,
WES France,00049524,A09,25/08/2021,6301,18,LUF0721080,G13,Frais Admin du Compte,,
WES France,00063225,A09,25/08/2021,6301,18,LUF0721081,G13,Frais Admin du Compte,,
WES France,00306391,A09,25/08/2021,6301,18,LUF0721082,G13,Frais Admin du Compte,,
WES France,00306702,A09,25/08/2021,6301,18,LUF0721083,G13,Frais Admin du Compte,,
WES France,00306910,A09,25/08/2021,6301,18,LUF0721084,G13,Frais Admin du Compte,,
WES France,00306697,A09,25/08/2021,6301,18,LUF0721085,G13,Frais Admin du Compte,,
WES France,00306928,A09,25/08/2021,6301,18,LUF0721086,G13,Frais Admin du Compte,,
WES France,00305399,A09,25/08/2021,6301,18,LUF0721087,G13,Frais Admin du Compte,,
WES France,00307191,A09,25/08/2021,6301,18,LUF0721088,G13,Frais Admin du Compte,,
WES France,00305401,A09,25/08/2021,6301,18,LUF0721089,G13,Frais Admin du Compte,,
WES France,00307361,A09,25/08/2021,6301,18,LUF0721090,G13,Frais Admin du Compte,,
WES France,00063248,A09,25/08/2021,6301,18,LUF0721091,G13,Frais Admin du Compte,,
WES France,00306229,A09,25/08/2021,6301,18,LUF0721092,G13,Frais Admin du Compte,,
WES France,00059736,A09,25/08/2021,6301,18,LUF0721093,G13,Frais Admin du Compte,,
WES France,00053108,A09,25/08/2021,6301,18,LUF0721094,G13,Frais Admin du Compte,,
WES France,00305462,A09,25/08/2021,6301,18,LUF0721095,G13,Frais Admin du Compte,,
WES France,00305410,A09,25/08/2021,6301,18,LUF0721096,G13,Frais Admin du Compte,,
WES France,00305412,A09,25/08/2021,6301,18,LUF0721097,G13,Frais Admin du Compte,,
WES France,00307075,A09,25/08/2021,6301,18,LUF0721098,G13,Frais Admin du Compte,,
WES France,00050163,A09,25/08/2021,6301,18,LUF0721099,G13,Frais Admin du Compte,,
WES France,00306321,A09,25/08/2021,6301,18,LUF0721100,G13,Frais Admin du Compte,,
WES France,00068727,A09,25/08/2021,6301,18,LUF0721101,G13,Frais Admin du Compte,,
WES France,00069761,A09,25/08/2021,6301,18,LUF0721102,G13,Frais Admin du Compte,,
WES France,00065657,A09,25/08/2021,6301,18,LUF0721103,G13,Frais Admin du Compte,,
WES France,00059895,A09,25/08/2021,6301,18,LUF0721104,G13,Frais Admin du Compte,,
WES France,00062283,A09,25/08/2021,6301,18,LUF0721105,G13,Frais Admin du Compte,,
WES France,00070050,A09,25/08/2021,6301,18,LUF0721106,G13,Frais Admin du Compte,,
WES France,00072429,A09,25/08/2021,6301,18,LUF0721107,G13,Frais Admin du Compte,,
WES France,00061263,A09,25/08/2021,6301,18,LUF0721108,G13,Frais Admin du Compte,,
WES France,00010465,A09,25/08/2021,6301,18,LUF0721109,G13,Frais Admin du Compte,,
WES France,00071863,A09,25/08/2021,6301,18,LUF0721110,G13,Frais Admin du Compte,,
WES France,00071867,A09,25/08/2021,6301,18,LUF0721111,G13,Frais Admin du Compte,,
WES France,00073163,A09,25/08/2021,6301,18,LUF0721112,G13,Frais Admin du Compte,,
WES France,00072807,A09,25/08/2021,6301,18,LUF0721113,G13,Frais Admin du Compte,,
WES France,00042568,A09,25/08/2021,6301,18,LUF0721114,G13,Frais Admin du Compte,,
WES France,00071929,A09,25/08/2021,6301,18,LUF0721115,G13,Frais Admin du Compte,,
WES France,00038703,A09,25/08/2021,6301,18,LUF0721116,G13,Frais Admin du Compte,,
WES France,00058635,A09,25/08/2021,6301,18,LUF0721117,G13,Frais Admin du Compte,,
WES France,00056510,A09,25/08/2021,6301,18,LUF0721118,G13,Frais Admin du Compte,,
WES France,00072504,A09,25/08/2021,6301,18,LUF0721119,G13,Frais Admin du Compte,,
WES France,00072749,A09,25/08/2021,6301,18,LUF0721120,G13,Frais Admin du Compte,,
WES France,00072656,A09,25/08/2021,6301,18,LUF0721121,G13,Frais Admin du Compte,,
WES France,00064158,A09,25/08/2021,6301,18,LUF0721122,G13,Frais Admin du Compte,,
WES France,00031471,A09,25/08/2021,6301,18,LUF0721123,G13,Frais Admin du Compte,,
WES France,00067724,A09,25/08/2021,6301,18,LUF0721124,G13,Frais Admin du Compte,,
WES France,00067877,A09,25/08/2021,6301,18,LUF0721125,G13,Frais Admin du Compte,,
WES France,00068085,A09,25/08/2021,6301,18,LUF0721126,G13,Frais Admin du Compte,,
WES France,00067833,A09,25/08/2021,6301,18,LUF0721127,G13,Frais Admin du Compte,,
WES France,00032918,A09,25/08/2021,6301,18,LUF0721128,G13,Frais Admin du Compte,,
WES France,00060527,A09,25/08/2021,6301,18,LUF0721129,G13,Frais Admin du Compte,,
WES France,00072682,A09,25/08/2021,6301,18,LUF0721130,G13,Frais Admin du Compte,,
WES France,00070527,A09,25/08/2021,6301,18,LUF0721131,G13,Frais Admin du Compte,,
WES France,00065727,A09,25/08/2021,6301,18,LUF0721132,G13,Frais Admin du Compte,,
WES France,00060925,A09,25/08/2021,6301,18,LUF0721133,G13,Frais Admin du Compte,,
WES France,00055677,A09,25/08/2021,6301,18,LUF0721134,G13,Frais Admin du Compte,,
WES France,00056786,A09,25/08/2021,6301,18,LUF0721135,G13,Frais Admin du Compte,,
WES France,00053073,A09,25/08/2021,6301,18,LUF0721136,G13,Frais Admin du Compte,,
WES France,00066981,A09,25/08/2021,6301,18,LUF0721137,G13,Frais Admin du Compte,,
WES France,00035242,A09,25/08/2021,6301,18,LUF0721138,G13,Frais Admin du Compte,,
WES France,00071629,A09,25/08/2021,6301,18,LUF0721139,G13,Frais Admin du Compte,,
WES France,00072418,A09,25/08/2021,6301,18,LUF0721140,G13,Frais Admin du Compte,,
WES France,00067054,A09,25/08/2021,6301,18,LUF0721141,G13,Frais Admin du Compte,,
WES France,00069072,A09,25/08/2021,6301,18,LUF0721142,G13,Frais Admin du Compte,,
WES France,00048361,A09,25/08/2021,6301,18,LUF0721143,G13,Frais Admin du Compte,,
WES France,00043869,A09,25/08/2021,6301,18,LUF0721144,G13,Frais Admin du Compte,,
WES France,00071375,A09,25/08/2021,6301,18,LUF0721145,G13,Frais Admin du Compte,,
WES France,00071375,A09,25/08/2021,6301,18,LUF0721146,G13,Frais Admin du Compte,,
WES France,00073268,A09,25/08/2021,6301,18,LUF0721147,G13,Frais Admin du Compte,,
WES France,00066037,A09,25/08/2021,6301,18,LUF0721148,G13,Frais Admin du Compte,,
WES France,00072784,A09,25/08/2021,6301,18,LUF0721149,G13,Frais Admin du Compte,,
WES France,00051185,A09,25/08/2021,6301,18,LUF0721150,G13,Frais Admin du Compte,,
WES France,00033367,A09,25/08/2021,6301,18,LUF0721151,G13,Frais Admin du Compte,,
WES France,00066621,A09,25/08/2021,6301,18,LUF0721152,G13,Frais Admin du Compte,,
WES France,00060908,A09,25/08/2021,6301,18,LUF0721153,G13,Frais Admin du Compte,,
WES France,00072445,A09,25/08/2021,6301,18,LUF0721154,G13,Frais Admin du Compte,,
WES France,00013456,A09,25/08/2021,6301,18,LUF0721155,G13,Frais Admin du Compte,,
WES France,00068658,A09,25/08/2021,6301,18,LUF0721156,G13,Frais Admin du Compte,,
WES France,00050458,A09,25/08/2021,6301,18,LUF0721157,G13,Frais Admin du Compte,,
WES France,00057740,A09,25/08/2021,6301,18,LUF0721158,G13,Frais Admin du Compte,,
WES France,00069873,A09,25/08/2021,6301,18,LUF0721159,G13,Frais Admin du Compte,,
WES France,00072969,A09,25/08/2021,6301,18,LUF0721160,G13,Frais Admin du Compte,,
WES France,00071508,A09,25/08/2021,6301,18,LUF0721161,G13,Frais Admin du Compte,,
WES France,00053220,A09,25/08/2021,6301,18,LUF0721162,G13,Frais Admin du Compte,,
WES France,00070579,A09,25/08/2021,6301,18,LUF0721163,G13,Frais Admin du Compte,,
WES France,00038561,A09,25/08/2021,6301,18,LUF0721164,G13,Frais Admin du Compte,,
WES France,00051742,A09,25/08/2021,6301,18,LUF0721165,G13,Frais Admin du Compte,,
WES France,00025577,A09,25/08/2021,6301,18,LUF0721166,G13,Frais Admin du Compte,,
WES France,00061799,A09,25/08/2021,6301,18,LUF0721167,G13,Frais Admin du Compte,,
WES France,00060351,A09,25/08/2021,6301,18,LUF0721168,G13,Frais Admin du Compte,,
WES France,00034212,A09,25/08/2021,6301,18,LUF0721169,G13,Frais Admin du Compte,,
WES France,00072930,A09,25/08/2021,6301,18,LUF0721172,G13,Frais Admin du Compte,,
WES France,00059454,A09,25/08/2021,6301,18,LUF0721173,G13,Frais Admin du Compte,,
WES France,00029714,A09,25/08/2021,6301,18,LUF0721174,G13,Frais Admin du Compte,,
WES France,00023790,A09,25/08/2021,6301,18,LUF0721175,G13,Frais Admin du Compte,,
WES France,00072287,A09,25/08/2021,6301,18,LUF0721176,G13,Frais Admin du Compte,,
WES France,00069082,A09,25/08/2021,6301,18,LUF0721177,G13,Frais Admin du Compte,,
WES France,00072049,A09,25/08/2021,6301,18,LUF0721178,G13,Frais Admin du Compte,,
WES France,00074718,A09,25/08/2021,6301,18,LUF0721179,G13,Frais Admin du Compte,,
WES France,00040473,A09,25/08/2021,6301,18,LUF0721180,G13,Frais Admin du Compte,,
WES France,00066653,A09,25/08/2021,6301,18,LUF0721181,G13,Frais Admin du Compte,,
WES France,00045691,A09,25/08/2021,6301,18,LUF0721182,G13,Frais Admin du Compte,,
WES France,00041717,A09,25/08/2021,6301,18,LUF0721183,G13,Frais Admin du Compte,,
WES France,00043461,A09,25/08/2021,6301,18,LUF0721184,G13,Frais Admin du Compte,,
WES France,00037103,A09,25/08/2021,6301,18,LUF0721185,G13,Frais Admin du Compte,,
WES France,00071154,A09,25/08/2021,6301,18,LUF0721186,G13,Frais Admin du Compte,,
WES France,00070707,A09,25/08/2021,6301,18,LUF0721187,G13,Frais Admin du Compte,,
WES France,00048049,A09,25/08/2021,6301,18,LUF0721188,G13,Frais Admin du Compte,,
WES France,00049645,A09,25/08/2021,6301,18,LUF0721189,G13,Frais Admin du Compte,,
WES France,00071964,A09,25/08/2021,6301,18,LUF0721190,G13,Frais Admin du Compte,,
WES France,00025110,A09,25/08/2021,6301,18,LUF0721191,G13,Frais Admin du Compte,,
WES France,00034539,A09,25/08/2021,6301,18,LUF0721192,G13,Frais Admin du Compte,,
WES France,00071792,A09,25/08/2021,6301,18,LUF0721193,G13,Frais Admin du Compte,,
WES France,00034329,A09,25/08/2021,6301,18,LUF0721194,G13,Frais Admin du Compte,,
WES France,00060425,A09,25/08/2021,6301,18,LUF0721195,G13,Frais Admin du Compte,,
WES France,00060484,A09,25/08/2021,6301,18,LUF0721196,G13,Frais Admin du Compte,,
WES France,00067387,A09,25/08/2021,6301,18,LUF0721197,G13,Frais Admin du Compte,,
WES France,00061104,A09,25/08/2021,6301,18,LUF0721198,G13,Frais Admin du Compte,,
WES France,00055861,A09,25/08/2021,6301,18,LUF0721199,G13,Frais Admin du Compte,,
WES France,00071524,A09,25/08/2021,6301,18,LUF0721200,G13,Frais Admin du Compte,,
WES France,00071527,A09,25/08/2021,6301,18,LUF0721201,G13,Frais Admin du Compte,,
WES France,00057420,A09,25/08/2021,6301,18,LUF0721202,G13,Frais Admin du Compte,,
WES France,00072518,A09,25/08/2021,6301,18,LUF0721203,G13,Frais Admin du Compte,,
WES France,00071942,A09,25/08/2021,6301,18,LUF0721204,G13,Frais Admin du Compte,,
WES France,00071404,A09,25/08/2021,6301,18,LUF0721205,G13,Frais Admin du Compte,,
WES France,00074259,A09,25/08/2021,6301,18,LUF0721206,G13,Frais Admin du Compte,,
WES France,00063043,A09,25/08/2021,6301,18,LUF0721207,G13,Frais Admin du Compte,,
WES France,00060280,A09,25/08/2021,6301,18,LUF0721208,G13,Frais Admin du Compte,,
WES France,00029497,A09,25/08/2021,6301,18,LUF0721209,G13,Frais Admin du Compte,,
WES France,00071754,A09,25/08/2021,6301,18,LUF0721210,G13,Frais Admin du Compte,,
WES France,00023247,A09,25/08/2021,6301,18,LUF0721211,G13,Frais Admin du Compte,,
WES France,00064605,A09,25/08/2021,6301,18,LUF0721212,G13,Frais Admin du Compte,,
WES France,00050540,A09,25/08/2021,6301,18,LUF0721213,G13,Frais Admin du Compte,,
WES France,00067542,A09,25/08/2021,6301,18,LUF0721214,G13,Frais Admin du Compte,,
WES France,00066116,A09,25/08/2021,6301,18,LUF0721239,G13,Frais Admin du Compte,,
WES France,00020235,A09,25/08/2021,6301,18,LUF0721240,G13,Frais Admin du Compte,,
WES France,00038231,A09,25/08/2021,6301,18,LUF0721241,G13,Frais Admin du Compte,,
WES France,00064841,A09,25/08/2021,6301,18,LUF0721242,G13,Frais Admin du Compte,,
WES France,00059371,A09,25/08/2021,6301,18,LUF0721243,G13,Frais Admin du Compte,,
WES France,00066000,A09,25/08/2021,6301,18,LUF0721244,G13,Frais Admin du Compte,,
WES France,00060526,A09,25/08/2021,6301,18,LUF0721245,G13,Frais Admin du Compte,,
WES France,00066815,A09,25/08/2021,6301,18,LUF0721246,G13,Frais Admin du Compte,,
WES France,00051104,A09,25/08/2021,6301,18,LUF0721247,G13,Frais Admin du Compte,,
WES France,00075216,A09,25/08/2021,6301,18,LUF0721248,G13,Frais Admin du Compte,,
WES France,00069775,A09,25/08/2021,6301,18,LUF0721249,G13,Frais Admin du Compte,,
WES France,00063233,A09,25/08/2021,6301,18,LUF0721250,G13,Frais Admin du Compte,,
WES France,00069212,A09,25/08/2021,6301,18,LUF0721251,G13,Frais Admin du Compte,,
WES France,00065058,A09,25/08/2021,6301,18,LUF0721253,G13,Frais Admin du Compte,,
WES France,00066066,A09,25/08/2021,6301,18,LUF0721254,G13,Frais Admin du Compte,,
WES France,00052028,A09,25/08/2021,6301,18,LUF0721255,G13,Frais Admin du Compte,,
WES France,00066543,A09,25/08/2021,6301,18,LUF0721256,G13,Frais Admin du Compte,,
WES France,00069106,A09,25/08/2021,6301,18,LUF0721257,G13,Frais Admin du Compte,,
WES France,00068137,A09,25/08/2021,6301,18,LUF0721258,G13,Frais Admin du Compte,,
WES France,00069177,A09,25/08/2021,6301,18,LUF0721259,G13,Frais Admin du Compte,,
WES France,00029120,A09,25/08/2021,6301,18,LUF0721260,G13,Frais Admin du Compte,,
WES France,00056818,A09,25/08/2021,6301,18,LUF0721261,G13,Frais Admin du Compte,,
WES France,00072922,A09,25/08/2021,6301,18,LUF0721262,G13,Frais Admin du Compte,,
WES France,00056474,A09,25/08/2021,6301,18,LUF0721263,G13,Frais Admin du Compte,,
WES France,00048727,A09,25/08/2021,6301,18,LUF0721264,G13,Frais Admin du Compte,,
WES France,00064297,A09,25/08/2021,6301,18,LUF0721265,G13,Frais Admin du Compte,,
WES France,00060209,A09,25/08/2021,6301,18,LUF0721266,G13,Frais Admin du Compte,,
WES France,00043726,A09,25/08/2021,6301,18,LUF0721267,G13,Frais Admin du Compte,,
WES France,00030840,A09,25/08/2021,6301,18,LUF0721268,G13,Frais Admin du Compte,,
WES France,00070685,A09,25/08/2021,6301,18,LUF0721269,G13,Frais Admin du Compte,,
WES France,00069475,A09,25/08/2021,6301,18,LUF0721270,G13,Frais Admin du Compte,,
WES France,00033979,A09,25/08/2021,6301,18,LUF0721271,G13,Frais Admin du Compte,,
WES France,00063707,A09,25/08/2021,6301,18,LUF0721272,G13,Frais Admin du Compte,,
WES France,00067482,A09,25/08/2021,6301,18,LUF0721273,G13,Frais Admin du Compte,,
WES France,00072517,A09,25/08/2021,6301,18,LUF0721274,G13,Frais Admin du Compte,,
WES France,00056652,A09,25/08/2021,6301,18,LUF0721275,G13,Frais Admin du Compte,,
WES France,00056209,A09,25/08/2021,6301,18,LUF0721276,G13,Frais Admin du Compte,,
WES France,00055356,A09,25/08/2021,6301,18,LUF0721277,G13,Frais Admin du Compte,,
WES France,00044461,A09,25/08/2021,6301,18,LUF0721278,G13,Frais Admin du Compte,,
WES France,00059435,A09,25/08/2021,6301,18,LUF0721279,G13,Frais Admin du Compte,,
WES France,00049655,A09,25/08/2021,6301,18,LUF0721280,G13,Frais Admin du Compte,,
WES France,00071904,A09,25/08/2021,6301,18,LUF0721281,G13,Frais Admin du Compte,,
WES France,00071153,A09,25/08/2021,6301,18,LUF0721282,G13,Frais Admin du Compte,,
WES France,00050412,A09,25/08/2021,6301,18,LUF0721283,G13,Frais Admin du Compte,,
WES France,00306798,A09,25/08/2021,6301,18,LUF0721284,G13,Frais Admin du Compte,,
WES France,00058296,A09,25/08/2021,6301,18,LUF0721285,G13,Frais Admin du Compte,,
WES France,00072183,A09,25/08/2021,6301,18,LUF0721286,G13,Frais Admin du Compte,,
WES France,00066929,A09,25/08/2021,6301,18,LUF0721287,G13,Frais Admin du Compte,,
WES France,00067717,A09,25/08/2021,6301,18,LUF0721288,G13,Frais Admin du Compte,,
WES France,00067007,A09,25/08/2021,6301,18,LUF0721289,G13,Frais Admin du Compte,,
WES France,00067695,A09,25/08/2021,6301,18,LUF0721290,G13,Frais Admin du Compte,,
WES France,00070282,A09,25/08/2021,6301,18,LUF0721291,G13,Frais Admin du Compte,,
WES France,00070905,A09,25/08/2021,6301,18,LUF0721292,G13,Frais Admin du Compte,,
WES France,00065348,A09,25/08/2021,6301,18,LUF0721294,G13,Frais Admin du Compte,,
WES France,00069668,A09,25/08/2021,6301,18,LUF0721295,G13,Frais Admin du Compte,,
WES France,00018406,A09,25/08/2021,6301,18,LUF0721296,G13,Frais Admin du Compte,,
WES France,00048959,A09,25/08/2021,6301,18,LUF0721297,G13,Frais Admin du Compte,,
WES France,00057859,A09,25/08/2021,6301,18,LUF0721298,G13,Frais Admin du Compte,,
WES France,00068399,A09,25/08/2021,6301,18,LUF0721299,G13,Frais Admin du Compte,,
WES France,00070244,A09,25/08/2021,6301,18,LUF0721300,G13,Frais Admin du Compte,,
WES France,00072146,A09,25/08/2021,6301,18,LUF0721301,G13,Frais Admin du Compte,,
WES France,00073261,A09,25/08/2021,6301,18,LUF0721302,G13,Frais Admin du Compte,,
WES France,00058720,A09,25/08/2021,6301,18,LUF0721303,G13,Frais Admin du Compte,,
WES France,00056151,A09,25/08/2021,6301,18,LUF0721304,G13,Frais Admin du Compte,,
WES France,00049263,A09,25/08/2021,6301,18,LUF0721305,G13,Frais Admin du Compte,,
WES France,00035663,A09,25/08/2021,6301,18,LUF0721306,G13,Frais Admin du Compte,,
WES France,00030027,A09,25/08/2021,6301,18,LUF0721307,G13,Frais Admin du Compte,,
WES France,00070451,A09,25/08/2021,6301,18,LUF0721308,G13,Frais Admin du Compte,,
WES France,00021788,A09,25/08/2021,6301,18,LUF0721309,G13,Frais Admin du Compte,,
WES France,00066016,A09,25/08/2021,6301,18,LUF0721310,G13,Frais Admin du Compte,,
WES France,00064754,A09,25/08/2021,6301,18,LUF0721311,G13,Frais Admin du Compte,,
WES France,00022971,A09,25/08/2021,6301,18,LUF0721312,G13,Frais Admin du Compte,,
WES France,00061376,A09,25/08/2021,6301,18,LUF0721313,G13,Frais Admin du Compte,,
WES France,00070694,A09,25/08/2021,6301,18,LUF0721314,G13,Frais Admin du Compte,,
WES France,00307363,A09,25/08/2021,6301,18,LUF0721315,G13,Frais Admin du Compte,,
WES France,00072933,A09,25/08/2021,6301,18,LUF0721316,G13,Frais Admin du Compte,,
WES France,00061495,A09,25/08/2021,6301,18,LUF0721317,G13,Frais Admin du Compte,,
WES France,00073113,A09,25/08/2021,6301,18,LUF0721318,G13,Frais Admin du Compte,,
WES France,00034407,A09,25/08/2021,6301,18,LUF0721319,G13,Frais Admin du Compte,,
WES France,00071192,A09,25/08/2021,6301,18,LUF0721320,G13,Frais Admin du Compte,,
WES France,00070683,A09,25/08/2021,6301,18,LUF0721321,G13,Frais Admin du Compte,,
WES France,00071339,A09,25/08/2021,6301,18,LUF0721322,G13,Frais Admin du Compte,,
WES France,00061789,A09,25/08/2021,6301,18,LUF0721323,G13,Frais Admin du Compte,,
WES France,00073092,A09,25/08/2021,6301,18,LUF0721324,G13,Frais Admin du Compte,,
WES France,00036957,A09,25/08/2021,6301,18,LUF0721325,G13,Frais Admin du Compte,,
WES France,00061994,A09,25/08/2021,6301,18,LUF0721326,G13,Frais Admin du Compte,,
WES France,00057610,A09,25/08/2021,6301,18,LUF0721327,G13,Frais Admin du Compte,,
WES France,00004141,A09,25/08/2021,6301,18,LUF0721328,G13,Frais Admin du Compte,,
WES France,00061216,A09,25/08/2021,6301,18,LUF0721329,G13,Frais Admin du Compte,,
WES France,00063090,A09,25/08/2021,6301,18,LUF0721330,G13,Frais Admin du Compte,,
WES France,00032913,A09,25/08/2021,6301,18,LUF0721332,G13,Frais Admin du Compte,,
WES France,00041869,A09,25/08/2021,6301,18,LUF0721333,G13,Frais Admin du Compte,,
WES France,00035484,A09,25/08/2021,6301,18,LUF0721334,G13,Frais Admin du Compte,,
WES France,00036484,A09,25/08/2021,6301,18,LUF0721335,G13,Frais Admin du Compte,,
WES France,00051612,A09,25/08/2021,6301,18,LUF0721336,G13,Frais Admin du Compte,,
WES France,00071449,A09,25/08/2021,6301,18,LUF0721337,G13,Frais Admin du Compte,,
WES France,00064442,A09,25/08/2021,6301,18,LUF0721338,G13,Frais Admin du Compte,,
WES France,00035129,A09,25/08/2021,6301,18,LUF0721339,G13,Frais Admin du Compte,,
WES France,00068006,A09,25/08/2021,6301,18,LUF0721340,G13,Frais Admin du Compte,,
WES France,00064089,A09,25/08/2021,6301,18,LUF0721341,G13,Frais Admin du Compte,,
WES France,00073059,A09,25/08/2021,6301,18,LUF0721342,G13,Frais Admin du Compte,,
WES France,00043300,A09,25/08/2021,6301,18,LUF0721343,G13,Frais Admin du Compte,,
WES France,00071359,A09,25/08/2021,6301,18,LUF0721344,G13,Frais Admin du Compte,,
WES France,00006520,A09,25/08/2021,6301,18,LUF0721345,G13,Frais Admin du Compte,,
WES France,00066771,A09,25/08/2021,6301,18,LUF0721346,G13,Frais Admin du Compte,,
WES France,00067186,A09,25/08/2021,6301,18,LUF0721347,G13,Frais Admin du Compte,,
WES France,00033692,A09,25/08/2021,6301,18,LUF0721348,G13,Frais Admin du Compte,,
WES France,00061938,A09,25/08/2021,6301,18,LUF0721349,G13,Frais Admin du Compte,,
WES France,00072377,A09,25/08/2021,6301,18,LUF0721350,G13,Frais Admin du Compte,,
WES France,00049118,A09,25/08/2021,6301,18,LUF0721351,G13,Frais Admin du Compte,,
WES France,00043175,A09,25/08/2021,6301,18,LUF0721352,G13,Frais Admin du Compte,,
WES France,00072236,A09,25/08/2021,6301,18,LUF0721353,G13,Frais Admin du Compte,,
WES France,00065837,A09,25/08/2021,6301,18,LUF0721354,G13,Frais Admin du Compte,,
WES France,00041499,A09,25/08/2021,6301,18,LUF0721355,G13,Frais Admin du Compte,,
WES France,00060825,A09,25/08/2021,6301,18,LUF0721356,G13,Frais Admin du Compte,,
WES France,00049220,A09,25/08/2021,6301,18,LUF0721357,G13,Frais Admin du Compte,,
WES France,00072791,A09,25/08/2021,6301,18,LUF0721358,G13,Frais Admin du Compte,,
WES France,00070361,A09,25/08/2021,6301,18,LUF0721359,G13,Frais Admin du Compte,,
WES France,00306874,A09,25/08/2021,6301,18,LUF0721360,G13,Frais Admin du Compte,,
WES France,00306960,A09,25/08/2021,6301,18,LUF0721361,G13,Frais Admin du Compte,,
WES France,00049924,A09,25/08/2021,6301,18,LUF0721362,G13,Frais Admin du Compte,,
WES France,00058372,A09,25/08/2021,6301,18,LUF0721363,G13,Frais Admin du Compte,,
WES France,00060443,A09,25/08/2021,6301,18,LUF0721364,G13,Frais Admin du Compte,,
WES France,00068651,A09,25/08/2021,6301,18,LUF0721365,G13,Frais Admin du Compte,,
WES France,00054835,A09,25/08/2021,6301,18,LUF0721366,G13,Frais Admin du Compte,,
WES France,00041782,A09,25/08/2021,6301,18,LUF0721367,G13,Frais Admin du Compte,,
WES France,00071157,A09,25/08/2021,6301,18,LUF0721368,G13,Frais Admin du Compte,,
WES France,00030571,A09,25/08/2021,6301,18,LUF0721369,G13,Frais Admin du Compte,,
WES France,00036048,A09,25/08/2021,6301,18,LUF0721370,G13,Frais Admin du Compte,,
WES France,00050025,A09,25/08/2021,6301,18,LUF0721371,G13,Frais Admin du Compte,,
WES France,00067146,A09,25/08/2021,6301,18,LUF0721372,G13,Frais Admin du Compte,,
WES France,00043007,A09,25/08/2021,6301,18,LUF0721373,G13,Frais Admin du Compte,,
WES France,00056907,A09,25/08/2021,6301,18,LUF0721374,G13,Frais Admin du Compte,,
WES France,00054753,A09,25/08/2021,6301,18,LUF0721375,G13,Frais Admin du Compte,,
WES France,00035950,A09,25/08/2021,6301,18,LUF0721376,G13,Frais Admin du Compte,,
WES France,00063760,A09,25/08/2021,6301,18,LUF0721377,G13,Frais Admin du Compte,,
WES France,00061707,A09,25/08/2021,6301,18,LUF0721378,G13,Frais Admin du Compte,,
WES France,00040827,A09,25/08/2021,6301,18,LUF0721379,G13,Frais Admin du Compte,,
WES France,00061107,A09,25/08/2021,6301,18,LUF0721380,G13,Frais Admin du Compte,,
WES France,00066231,A09,25/08/2021,6301,18,LUF0721381,G13,Frais Admin du Compte,,
WES France,00048536,A09,25/08/2021,6301,18,LUF0721382,G13,Frais Admin du Compte,,
WES France,00057633,A09,25/08/2021,6301,18,LUF0721383,G13,Frais Admin du Compte,,
WES France,00063080,A09,25/08/2021,6301,18,LUF0721384,G13,Frais Admin du Compte,,
WES France,00056019,A09,25/08/2021,6301,18,LUF0721385,G13,Frais Admin du Compte,,
WES France,00020679,A09,25/08/2021,6301,18,LUF0721386,G13,Frais Admin du Compte,,
WES France,00067349,A09,25/08/2021,6301,18,LUF0721387,G13,Frais Admin du Compte,,
WES France,00065713,A09,25/08/2021,6301,18,LUF0721388,G13,Frais Admin du Compte,,
WES France,00307341,A09,25/08/2021,6301,18,LUF0721389,G13,Frais Admin du Compte,,
WES France,00061450,A09,25/08/2021,6301,18,LUF0721390,G13,Frais Admin du Compte,,
WES France,00064302,A09,25/08/2021,6301,18,LUF0721391,G13,Frais Admin du Compte,,
WES France,00040264,A09,25/08/2021,6301,18,LUF0721392,G13,Frais Admin du Compte,,
WES France,00032884,A09,25/08/2021,6301,18,LUF0721393,G13,Frais Admin du Compte,,
WES France,00071859,A09,25/08/2021,6301,18,LUF0721394,G13,Frais Admin du Compte,,
WES France,00046213,A09,25/08/2021,6301,18,LUF0721395,G13,Frais Admin du Compte,,
WES France,00072744,A09,25/08/2021,6301,18,LUF0721396,G13,Frais Admin du Compte,,
WES France,00052953,A09,25/08/2021,6301,18,LUF0721397,G13,Frais Admin du Compte,,
WES France,00071179,A09,25/08/2021,6301,18,LUF0721398,G13,Frais Admin du Compte,,
WES France,00066819,A09,25/08/2021,6301,18,LUF0721399,G13,Frais Admin du Compte,,
WES France,00072622,A09,25/08/2021,6301,18,LUF0721400,G13,Frais Admin du Compte,,
WES France,00057110,A09,25/08/2021,6301,18,LUF0721401,G13,Frais Admin du Compte,,
WES France,00061105,A09,25/08/2021,6301,18,LUF0721402,G13,Frais Admin du Compte,,
WES France,00056046,A09,25/08/2021,6301,18,LUF0721403,G13,Frais Admin du Compte,,
WES France,00058441,A09,25/08/2021,6301,18,LUF0721405,G13,Frais Admin du Compte,,
WES France,00066335,A09,25/08/2021,6301,18,LUF0721406,G13,Frais Admin du Compte,,
WES France,00067162,A09,25/08/2021,6301,18,LUF0721407,G13,Frais Admin du Compte,,
WES France,00059017,A09,25/08/2021,6301,18,LUF0721408,G13,Frais Admin du Compte,,
WES France,00072658,A09,25/08/2021,6301,18,LUF0721409,G13,Frais Admin du Compte,,
WES France,00072301,A09,25/08/2021,6301,18,LUF0721410,G13,Frais Admin du Compte,,
WES France,00045738,A09,25/08/2021,6301,18,LUF0721411,G13,Frais Admin du Compte,,
WES France,00061476,A09,25/08/2021,6301,18,LUF0721412,G13,Frais Admin du Compte,,
WES France,00072263,A09,25/08/2021,6301,18,LUF0721413,G13,Frais Admin du Compte,,
WES France,00072981,A09,25/08/2021,6301,18,LUF0721414,G13,Frais Admin du Compte,,
WES France,00021219,A09,25/08/2021,6301,18,LUF0721415,G13,Frais Admin du Compte,,
WES France,00033350,A09,25/08/2021,6301,18,LUF0721416,G13,Frais Admin du Compte,,
WES France,00053282,A09,25/08/2021,6301,18,LUF0721417,G13,Frais Admin du Compte,,
WES France,00055148,A09,25/08/2021,6301,18,LUF0721418,G13,Frais Admin du Compte,,
WES France,00068105,A09,25/08/2021,6301,18,LUF0721419,G13,Frais Admin du Compte,,
WES France,00070096,A09,25/08/2021,6301,18,LUF0721420,G13,Frais Admin du Compte,,
WES France,00068880,A09,25/08/2021,6301,18,LUF0721421,G13,Frais Admin du Compte,,
WES France,00069430,A09,25/08/2021,6301,18,LUF0721422,G13,Frais Admin du Compte,,
WES France,00037332,A09,25/08/2021,6301,18,LUF0721423,G13,Frais Admin du Compte,,
WES France,00056812,A09,25/08/2021,6301,18,LUF0721424,G13,Frais Admin du Compte,,
WES France,00071884,A09,25/08/2021,6301,18,LUF0721425,G13,Frais Admin du Compte,,
WES France,00056981,A09,25/08/2021,6301,18,LUF0721426,G13,Frais Admin du Compte,,
WES France,00066540,A09,25/08/2021,6301,18,LUF0721427,G13,Frais Admin du Compte,,
WES France,00042201,A09,25/08/2021,6301,18,LUF0721428,G13,Frais Admin du Compte,,
WES France,00064865,A09,25/08/2021,6301,18,LUF0721429,G13,Frais Admin du Compte,,
WES France,00029620,A09,25/08/2021,6301,18,LUF0721430,G13,Frais Admin du Compte,,
WES France,00069075,A09,25/08/2021,6301,18,LUF0721431,G13,Frais Admin du Compte,,
WES France,00063303,A09,25/08/2021,6301,18,LUF0721432,G13,Frais Admin du Compte,,
WES France,00062606,A09,25/08/2021,6301,18,LUF0721433,G13,Frais Admin du Compte,,
WES France,00052318,A09,25/08/2021,6301,18,LUF0721434,G13,Frais Admin du Compte,,
WES France,00074256,A09,25/08/2021,6301,18,LUF0721435,G13,Frais Admin du Compte,,
WES France,00070357,A09,25/08/2021,6301,18,LUF0721436,G13,Frais Admin du Compte,,
WES France,00070111,A09,25/08/2021,6301,18,LUF0721437,G13,Frais Admin du Compte,,
WES France,00063126,A09,25/08/2021,6301,18,LUF0721438,G13,Frais Admin du Compte,,
WES France,00058565,A09,25/08/2021,6301,18,LUF0721439,G13,Frais Admin du Compte,,
WES France,00067173,A09,25/08/2021,6301,18,LUF0721440,G13,Frais Admin du Compte,,
WES France,00044869,A09,25/08/2021,6301,18,LUF0721441,G13,Frais Admin du Compte,,
WES France,00068845,A09,25/08/2021,6301,18,LUF0721442,G13,Frais Admin du Compte,,
WES France,00041836,A09,25/08/2021,6301,18,LUF0721443,G13,Frais Admin du Compte,,
WES France,00064663,A09,25/08/2021,6301,18,LUF0721444,G13,Frais Admin du Compte,,
WES France,00051526,A09,25/08/2021,6301,18,LUF0721445,G13,Frais Admin du Compte,,
WES France,00028350,A09,25/08/2021,6301,18,LUF0721446,G13,Frais Admin du Compte,,
WES France,00042381,A09,25/08/2021,6301,18,LUF0721447,G13,Frais Admin du Compte,,
WES France,00060692,A09,25/08/2021,6301,18,LUF0721448,G13,Frais Admin du Compte,,
WES France,00045675,A09,25/08/2021,6301,18,LUF0721449,G13,Frais Admin du Compte,,
WES France,00057423,A09,25/08/2021,6301,18,LUF0721450,G13,Frais Admin du Compte,,
WES France,00072068,A09,25/08/2021,6301,18,LUF0721451,G13,Frais Admin du Compte,,
WES France,00066719,A09,25/08/2021,6301,18,LUF0721452,G13,Frais Admin du Compte,,
WES France,00070169,A09,25/08/2021,6301,18,LUF0721453,G13,Frais Admin du Compte,,
WES France,00051701,A09,25/08/2021,6301,18,LUF0721454,G13,Frais Admin du Compte,,
WES France,00057838,A09,25/08/2021,6301,18,LUF0721455,G13,Frais Admin du Compte,,
WES France,00066344,A09,25/08/2021,6301,18,LUF0721456,G13,Frais Admin du Compte,,
WES France,00068496,A09,25/08/2021,6301,18,LUF0721457,G13,Frais Admin du Compte,,
WES France,00046509,A09,25/08/2021,6301,18,LUF0721458,G13,Frais Admin du Compte,,
WES France,00054351,A09,25/08/2021,6301,18,LUF0721459,G13,Frais Admin du Compte,,
WES France,00068590,A09,25/08/2021,6301,18,LUF0721460,G13,Frais Admin du Compte,,
WES France,00044334,A09,25/08/2021,6301,18,LUF0721461,G13,Frais Admin du Compte,,
WES France,00071744,A09,25/08/2021,6301,18,LUF0721462,G13,Frais Admin du Compte,,
WES France,00059929,A09,25/08/2021,6301,18,LUF0721463,G13,Frais Admin du Compte,,
WES France,00031111,A09,25/08/2021,6301,18,LUF0721464,G13,Frais Admin du Compte,,
WES France,00042102,A09,25/08/2021,6301,18,LUF0721466,G13,Frais Admin du Compte,,
WES France,00045119,A09,25/08/2021,6301,18,LUF0721467,G13,Frais Admin du Compte,,
WES France,00025212,A09,25/08/2021,6301,18,LUF0721468,G13,Frais Admin du Compte,,
WES France,00074499,A09,25/08/2021,6301,18,LUF0721469,G13,Frais Admin du Compte,,
WES France,00032990,A09,25/08/2021,6301,18,LUF0721470,G13,Frais Admin du Compte,,
WES France,00050239,A09,25/08/2021,6301,18,LUF0721471,G13,Frais Admin du Compte,,
WES France,00072271,A09,25/08/2021,6301,18,LUF0721472,G13,Frais Admin du Compte,,
WES France,00070083,A09,25/08/2021,6301,18,LUF0721474,G13,Frais Admin du Compte,,
WES France,00069760,A09,25/08/2021,6301,18,LUF0721475,G13,Frais Admin du Compte,,
WES France,00306976,A09,25/08/2021,6301,18,LUF0721476,G13,Frais Admin du Compte,,
WES France,00053438,A09,25/08/2021,6301,18,LUF0721487,G13,Frais Admin du Compte,,
WES France,00038193,A09,25/08/2021,6301,18,LUF0721488,G13,Frais Admin du Compte,,
WES France,00050186,A09,25/08/2021,6301,18,LUF0721489,G13,Frais Admin du Compte,,
WES France,00073149,A09,25/08/2021,6301,18,LUF0721490,G13,Frais Admin du Compte,,
WES France,00044293,A09,25/08/2021,6301,18,LUF0721491,G13,Frais Admin du Compte,,
WES France,00072232,A09,25/08/2021,6301,18,LUF0721492,G13,Frais Admin du Compte,,
WES France,00305391,A09,25/08/2021,6301,18,LUF0721493,G13,Frais Admin du Compte,,
WES France,00030669,A09,25/08/2021,6301,18,LUF0721494,G13,Frais Admin du Compte,,
WES France,00071322,A09,25/08/2021,6301,18,LUF0721495,G13,Frais Admin du Compte,,
WES France,00014556,A09,25/08/2021,6301,18,LUF0721496,G13,Frais Admin du Compte,,
WES France,00064610,A09,25/08/2021,6301,18,LUF0721497,G13,Frais Admin du Compte,,
WES France,00054136,A09,25/08/2021,6301,18,LUF0721498,G13,Frais Admin du Compte,,
WES France,00050021,A09,25/08/2021,6301,18,LUF0721499,G13,Frais Admin du Compte,,
WES France,00062210,A09,25/08/2021,6301,18,LUF0721500,G13,Frais Admin du Compte,,
WES France,00052910,A09,25/08/2021,6301,18,LUF0721501,G13,Frais Admin du Compte,,
WES France,00044769,A09,25/08/2021,6301,18,LUF0721502,G13,Frais Admin du Compte,,
WES France,00029967,A09,25/08/2021,6301,18,LUF0721503,G13,Frais Admin du Compte,,
WES France,00062567,A09,25/08/2021,6301,18,LUF0721504,G13,Frais Admin du Compte,,
WES France,00047489,A09,25/08/2021,6301,18,LUF0721505,G13,Frais Admin du Compte,,
WES France,00060547,A09,25/08/2021,6301,18,LUF0721506,G13,Frais Admin du Compte,,
WES France,00047050,A09,25/08/2021,6301,18,LUF0721507,G13,Frais Admin du Compte,,
WES France,00040025,A09,25/08/2021,6301,18,LUF0721508,G13,Frais Admin du Compte,,
WES France,00039806,A09,25/08/2021,6301,18,LUF0721509,G13,Frais Admin du Compte,,
WES France,00045606,A09,25/08/2021,6301,18,LUF0721510,G13,Frais Admin du Compte,,
WES France,00070608,A09,25/08/2021,6301,18,LUF0721511,G13,Frais Admin du Compte,,
WES France,00073144,A09,25/08/2021,6301,18,LUF0721512,G13,Frais Admin du Compte,,
WES France,00072339,A09,25/08/2021,6301,18,LUF0721513,G13,Frais Admin du Compte,,
WES France,00072319,A09,25/08/2021,6301,18,LUF0721514,G13,Frais Admin du Compte,,
WES France,00070418,A09,25/08/2021,6301,18,LUF0721515,G13,Frais Admin du Compte,,
WES France,00305758,A09,25/08/2021,6301,18,LUF0721516,G13,Frais Admin du Compte,,
WES France,00305807,A09,25/08/2021,6301,18,LUF0721517,G13,Frais Admin du Compte,,
WES France,00306854,A09,25/08/2021,6301,18,LUF0721518,G13,Frais Admin du Compte,,
WES France,00305968,A09,25/08/2021,6301,18,LUF0721519,G13,Frais Admin du Compte,,
WES France,00306787,A09,25/08/2021,6301,18,LUF0721521,G13,Frais Admin du Compte,,
WES France,00306185,A09,25/08/2021,6301,18,LUF0721522,G13,Frais Admin du Compte,,
WES France,00306026,A09,25/08/2021,6301,18,LUF0721523,G13,Frais Admin du Compte,,
WES France,00305744,A09,25/08/2021,6301,18,LUF0721524,G13,Frais Admin du Compte,,
WES France,00046106,A09,25/08/2021,6301,18,LUF0721525,G13,Frais Admin du Compte,,
WES France,00307313,A09,25/08/2021,6301,18,LUF0721526,G13,Frais Admin du Compte,,
WES France,00074743,A09,25/08/2021,6301,18,LUF0721527,G13,Frais Admin du Compte,,
WES France,00306387,A09,25/08/2021,6301,18,LUF0721528,G13,Frais Admin du Compte,,
WES France,00072497,A09,25/08/2021,6301,18,LUF0721529,G13,Frais Admin du Compte,,
WES France,00064174,A09,25/08/2021,6301,18,LUF0721531,G13,Frais Admin du Compte,,
WES France,00041453,A09,25/08/2021,6301,18,LUF0721534,G13,Frais Admin du Compte,,
WES France,00059919,A09,25/08/2021,6301,18,LUF0721535,G13,Frais Admin du Compte,,
WES France,00040357,A09,25/08/2021,6301,18,LUF0721536,G13,Frais Admin du Compte,,
WES France,00064014,A09,25/08/2021,6301,18,LUF0721537,G13,Frais Admin du Compte,,
WES France,00071980,A09,25/08/2021,6301,18,LUF0721538,G13,Frais Admin du Compte,,
WES France,00057067,A09,25/08/2021,6301,18,LUF0721539,G13,Frais Admin du Compte,,
WES France,00066099,A09,25/08/2021,6301,18,LUF0721540,G13,Frais Admin du Compte,,
WES France,00072972,A09,25/08/2021,6301,18,LUF0721541,G13,Frais Admin du Compte,,
WES France,00072804,A09,25/08/2021,6301,18,LUF0721542,G13,Frais Admin du Compte,,
WES France,00072823,A09,25/08/2021,6301,18,LUF0721543,G13,Frais Admin du Compte,,
WES France,00048334,A09,25/08/2021,6301,18,LUF0721544,G13,Frais Admin du Compte,,
WES France,00060663,A09,25/08/2021,6301,18,LUF0721545,G13,Frais Admin du Compte,,
WES France,00072452,A09,25/08/2021,6301,18,LUF0721546,G13,Frais Admin du Compte,,
WES France,00067748,A09,25/08/2021,6301,18,LUF0721547,G13,Frais Admin du Compte,,
WES France,00030597,A09,25/08/2021,6301,18,LUF0721548,G13,Frais Admin du Compte,,
WES France,00067672,A09,25/08/2021,6301,18,LUF0721549,G13,Frais Admin du Compte,,
WES France,00067039,A09,25/08/2021,6301,18,LUF0721552,G13,Frais Admin du Compte,,
WES France,00004589,A09,25/08/2021,6301,18,LUF0721553,G13,Frais Admin du Compte,,
WES France,00041076,A09,25/08/2021,6301,18,LUF0721554,G13,Frais Admin du Compte,,
WES France,00072567,A09,25/08/2021,6301,18,LUF0721555,G13,Frais Admin du Compte,,
WES France,00068272,A09,25/08/2021,6301,18,LUF0721556,G13,Frais Admin du Compte,,
WES France,00072562,A09,25/08/2021,6301,18,LUF0721557,G13,Frais Admin du Compte,,
WES France,00052441,A09,25/08/2021,6301,18,LUF0721558,G13,Frais Admin du Compte,,
WES France,00060642,A09,25/08/2021,6301,18,LUF0721559,G13,Frais Admin du Compte,,
WES France,00063688,A09,25/08/2021,6301,18,LUF0721560,G13,Frais Admin du Compte,,
WES France,00049189,A09,25/08/2021,6301,18,LUF0721561,G13,Frais Admin du Compte,,
WES France,00072299,A09,25/08/2021,6301,18,LUF0721562,G13,Frais Admin du Compte,,
WES France,00071337,A09,25/08/2021,6301,18,LUF0721563,G13,Frais Admin du Compte,,
WES France,00060513,A09,25/08/2021,6301,18,LUF0721564,G13,Frais Admin du Compte,,
WES France,00044399,A09,25/08/2021,6301,18,LUF0721565,G13,Frais Admin du Compte,,
WES France,00072225,A09,25/08/2021,6301,18,LUF0721566,G13,Frais Admin du Compte,,
WES France,00074474,A09,25/08/2021,6301,18,LUF0721567,G13,Frais Admin du Compte,,
WES France,00071656,A09,25/08/2021,6301,18,LUF0721568,G13,Frais Admin du Compte,,
WES France,00048665,A09,25/08/2021,6301,18,LUF0721569,G13,Frais Admin du Compte,,
WES France,00063915,A09,25/08/2021,6301,18,LUF0721570,G13,Frais Admin du Compte,,
WES France,00051089,A09,25/08/2021,6301,18,LUF0721571,G13,Frais Admin du Compte,,
WES France,00050159,A09,25/08/2021,6301,18,LUF0721572,G13,Frais Admin du Compte,,
WES France,00072939,A09,25/08/2021,6301,18,LUF0721573,G13,Frais Admin du Compte,,
WES France,00035458,A09,25/08/2021,6301,18,LUF0721574,G13,Frais Admin du Compte,,
WES France,00057728,A09,25/08/2021,6301,18,LUF0721575,G13,Frais Admin du Compte,,
WES France,00026469,A09,25/08/2021,6301,18,LUF0721576,G13,Frais Admin du Compte,,
WES France,00072572,A09,25/08/2021,6301,18,LUF0721577,G13,Frais Admin du Compte,,
WES France,00030078,A09,25/08/2021,6301,18,LUF0721578,G13,Frais Admin du Compte,,
WES France,00037447,A09,25/08/2021,6301,18,LUF0721579,G13,Frais Admin du Compte,,
WES France,00053351,A09,25/08/2021,6301,18,LUF0721580,G13,Frais Admin du Compte,,
WES France,00023318,A09,25/08/2021,6301,18,LUF0721581,G13,Frais Admin du Compte,,
WES France,00033609,A09,25/08/2021,6301,18,LUF0721582,G13,Frais Admin du Compte,,
WES France,00065382,A09,25/08/2021,6301,18,LUF0721583,G13,Frais Admin du Compte,,
WES France,00068547,A09,25/08/2021,6301,18,LUF0721584,G13,Frais Admin du Compte,,
WES France,00071272,A09,25/08/2021,6301,18,LUF0721585,G13,Frais Admin du Compte,,
WES France,00072290,A09,25/08/2021,6301,18,LUF0721586,G13,Frais Admin du Compte,,
WES France,00066010,A09,25/08/2021,6301,18,LUF0721587,G13,Frais Admin du Compte,,
WES France,00045823,A09,25/08/2021,6301,18,LUF0721588,G13,Frais Admin du Compte,,
WES France,00067721,A09,25/08/2021,6301,18,LUF0721589,G13,Frais Admin du Compte,,
WES France,00073430,A09,25/08/2021,6301,18,LUF0721590,G13,Frais Admin du Compte,,
WES France,00066284,A09,25/08/2021,6301,18,LUF0721591,G13,Frais Admin du Compte,,
WES France,00067684,A09,25/08/2021,6301,18,LUF0721592,G13,Frais Admin du Compte,,
WES France,00072181,A09,25/08/2021,6301,18,LUF0721593,G13,Frais Admin du Compte,,
WES France,00066565,A09,25/08/2021,6301,18,LUF0721594,G13,Frais Admin du Compte,,
WES France,00071388,A09,25/08/2021,6301,18,LUF0721595,G13,Frais Admin du Compte,,
WES France,00051391,A09,25/08/2021,6301,18,LUF0721596,G13,Frais Admin du Compte,,
WES France,00305830,A09,25/08/2021,6301,18,LUF0721597,G13,Frais Admin du Compte,,
WES France,00066374,A09,25/08/2021,6301,18,LUF0721598,G13,Frais Admin du Compte,,
WES France,00068596,A09,25/08/2021,6301,18,LUF0721599,G13,Frais Admin du Compte,,
WES France,00041853,A09,25/08/2021,6301,18,LUF0721600,G13,Frais Admin du Compte,,
WES France,00060330,A09,25/08/2021,6301,18,LUF0721601,G13,Frais Admin du Compte,,
WES France,00047687,A09,25/08/2021,6301,18,LUF0721602,G13,Frais Admin du Compte,,
WES France,00072310,A09,25/08/2021,6301,18,LUF0721603,G13,Frais Admin du Compte,,
WES France,00065957,A09,25/08/2021,6301,18,LUF0721604,G13,Frais Admin du Compte,,
WES France,00073153,A09,25/08/2021,6301,18,LUF0721605,G13,Frais Admin du Compte,,
WES France,00049468,A09,25/08/2021,6301,18,LUF0721606,G13,Frais Admin du Compte,,
WES France,00060546,A09,25/08/2021,6301,18,LUF0721607,G13,Frais Admin du Compte,,
WES France,00042880,A09,25/08/2021,6301,18,LUF0721610,G13,Frais Admin du Compte,,
WES France,00032933,A09,25/08/2021,6301,18,LUF0721611,G13,Frais Admin du Compte,,
WES France,00058373,A09,25/08/2021,6301,18,LUF0721612,G13,Frais Admin du Compte,,
WES France,00305325,A09,25/08/2021,6301,18,LUF0721613,G13,Frais Admin du Compte,,
WES France,00038113,A09,25/08/2021,6301,18,LUF0721614,G13,Frais Admin du Compte,,
WES France,00068615,A09,25/08/2021,6301,18,LUF0721615,G13,Frais Admin du Compte,,
WES France,00307283,A09,25/08/2021,6301,18,LUF0721616,G13,Frais Admin du Compte,,
WES France,00072404,A09,25/08/2021,6301,18,LUF0721617,G13,Frais Admin du Compte,,
WES France,00073096,A09,25/08/2021,6301,18,LUF0721618,G13,Frais Admin du Compte,,
WES France,00064467,A09,25/08/2021,6301,18,LUF0721619,G13,Frais Admin du Compte,,
WES France,00075103,A09,25/08/2021,6301,18,LUF0721621,G13,Frais Admin du Compte,,
WES France,00306353,A09,25/08/2021,6301,18,LUF0721622,G13,Frais Admin du Compte,,
WES France,00305338,A09,25/08/2021,6301,18,LUF0721623,G13,Frais Admin du Compte,,
WES France,00305706,A09,25/08/2021,6301,18,LUF0721624,G13,Frais Admin du Compte,,
WES France,00305733,A09,25/08/2021,6301,18,LUF0721626,G13,Frais Admin du Compte,,
WES France,00058823,A09,25/08/2021,6301,18,LUF0721627,G13,Frais Admin du Compte,,
WES France,00306937,A09,25/08/2021,6301,18,LUF0721628,G13,Frais Admin du Compte,,
WES France,00066579,A09,25/08/2021,6301,18,LUF0721629,G13,Frais Admin du Compte,,
WES France,00305425,A09,25/08/2021,6301,18,LUF0721630,G13,Frais Admin du Compte,,
WES France,00056621,A09,25/08/2021,6301,18,LUF0721631,G13,Frais Admin du Compte,,
WES France,00061462,A09,25/08/2021,6301,18,LUF0721632,G13,Frais Admin du Compte,,
WES France,00306950,A09,25/08/2021,6301,18,LUF0721633,G13,Frais Admin du Compte,,
WES France,00070075,A09,25/08/2021,6301,18,LUF0721634,G13,Frais Admin du Compte,,
WES France,00306326,A09,25/08/2021,6301,18,LUF0721635,G13,Frais Admin du Compte,,
WES France,00305671,A09,25/08/2021,6301,18,LUF0721636,G13,Frais Admin du Compte,,
WES France,00307243,A09,25/08/2021,6301,18,LUF0721637,G13,Frais Admin du Compte,,
WES France,00305335,A09,25/08/2021,6301,18,LUF0721638,G13,Frais Admin du Compte,,
WES France,00069401,A09,25/08/2021,6301,18,LUF0721639,G13,Frais Admin du Compte,,
WES France,00064487,A09,25/08/2021,6301,18,LUF0721640,G13,Frais Admin du Compte,,
WES France,00305660,A09,25/08/2021,6301,18,LUF0721641,G13,Frais Admin du Compte,,
WES France,00306700,A09,25/08/2021,6301,18,LUF0721642,G13,Frais Admin du Compte,,
WES France,00306215,A09,25/08/2021,6301,18,LUF0721643,G13,Frais Admin du Compte,,
WES France,00058176,A09,25/08/2021,6301,18,LUF0721644,G13,Frais Admin du Compte,,
WES France,00068176,A09,25/08/2021,6301,18,LUF0721645,G13,Frais Admin du Compte,,
WES France,00069426,A09,25/08/2021,6301,18,LUF0721646,G13,Frais Admin du Compte,,
WES France,00306413,A09,25/08/2021,6301,18,LUF0721647,G13,Frais Admin du Compte,,
WES France,00306366,A09,25/08/2021,6301,18,LUF0721648,G13,Frais Admin du Compte,,
WES France,00059074,A09,25/08/2021,6301,18,LUF0721649,G13,Frais Admin du Compte,,
WES France,00072510,A09,25/08/2021,6301,18,LUF0721650,G13,Frais Admin du Compte,,
WES France,00307146,A09,25/08/2021,6301,18,LUF0721651,G13,Frais Admin du Compte,,
WES France,00305596,A09,25/08/2021,6301,18,LUF0721652,G13,Frais Admin du Compte,,
WES France,00055707,A09,25/08/2021,6301,18,LUF0721653,G13,Frais Admin du Compte,,
WES France,00049795,A09,25/08/2021,6301,18,LUF0721654,G13,Frais Admin du Compte,,
WES France,00305884,A09,25/08/2021,6301,18,LUF0721655,G13,Frais Admin du Compte,,
WES France,00307209,A09,25/08/2021,6301,18,LUF0721656,G13,Frais Admin du Compte,,
WES France,00063278,A09,25/08/2021,6301,18,LUF0721657,G13,Frais Admin du Compte,,
WES France,00306642,A09,25/08/2021,6301,18,LUF0721658,G13,Frais Admin du Compte,,
WES France,00060532,A09,25/08/2021,6301,18,LUF0721659,G13,Frais Admin du Compte,,
WES France,00306901,A09,25/08/2021,6301,18,LUF0721660,G13,Frais Admin du Compte,,
WES France,00065605,A09,25/08/2021,6301,18,LUF0721661,G13,Frais Admin du Compte,,
WES France,00307215,A09,25/08/2021,6301,18,LUF0721662,G13,Frais Admin du Compte,,
WES France,00062383,A09,25/08/2021,6301,18,LUF0721663,G13,Frais Admin du Compte,,
WES France,00306221,A09,25/08/2021,6301,18,LUF0721664,G13,Frais Admin du Compte,,
WES France,00075157,A09,25/08/2021,6301,18,LUF0721665,G13,Frais Admin du Compte,,
WES France,00305973,A09,25/08/2021,6301,18,LUF0721666,G13,Frais Admin du Compte,,
WES France,00305265,A09,25/08/2021,6301,18,LUF0721667,G13,Frais Admin du Compte,,
WES France,00305590,A09,25/08/2021,6301,18,LUF0721668,G13,Frais Admin du Compte,,
WES France,00306684,A09,25/08/2021,6301,18,LUF0721669,G13,Frais Admin du Compte,,
WES France,00307001,A09,25/08/2021,6301,18,LUF0721670,G13,Frais Admin du Compte,,
WES France,00050241,A09,25/08/2021,6301,18,LUF0721671,G13,Frais Admin du Compte,,
WES France,00305816,A09,25/08/2021,6301,18,LUF0721672,G13,Frais Admin du Compte,,
WES France,00056417,A09,25/08/2021,6301,18,LUF0721673,G13,Frais Admin du Compte,,
WES France,00306101,A09,25/08/2021,6301,18,LUF0721674,G13,Frais Admin du Compte,,
WES France,00306872,A09,25/08/2021,6301,18,LUF0721675,G13,Frais Admin du Compte,,
WES France,00307063,A09,25/08/2021,6301,18,LUF0721676,G13,Frais Admin du Compte,,
WES France,00305562,A09,25/08/2021,6301,18,LUF0721677,G13,Frais Admin du Compte,,
WES France,00306084,A09,25/08/2021,6301,18,LUF0721678,G13,Frais Admin du Compte,,
WES France,00306172,A09,25/08/2021,6301,18,LUF0721679,G13,Frais Admin du Compte,,
WES France,00305337,A09,25/08/2021,6301,18,LUF0721682,G13,Frais Admin du Compte,,
WES France,00305859,A09,25/08/2021,6301,18,LUF0721683,G13,Frais Admin du Compte,,
WES France,00307334,A09,25/08/2021,6301,18,LUF0721684,G13,Frais Admin du Compte,,
WES France,00306305,A09,25/08/2021,6301,18,LUF0721685,G13,Frais Admin du Compte,,
WES France,00306669,A09,25/08/2021,6301,18,LUF0721686,G13,Frais Admin du Compte,,
WES France,00306946,A09,25/08/2021,6301,18,LUF0721687,G13,Frais Admin du Compte,,
WES France,00307139,A09,25/08/2021,6301,18,LUF0721688,G13,Frais Admin du Compte,,
WES France,00306931,A09,25/08/2021,6301,18,LUF0721689,G13,Frais Admin du Compte,,
WES France,00307084,A09,25/08/2021,6301,18,LUF0721690,G13,Frais Admin du Compte,,
WES France,00305704,A09,25/08/2021,6301,18,LUF0721691,G13,Frais Admin du Compte,,
WES France,00307149,A09,25/08/2021,6301,18,LUF0721692,G13,Frais Admin du Compte,,
WES France,00307163,A09,25/08/2021,6301,18,LUF0721693,G13,Frais Admin du Compte,,
WES France,00041694,A09,25/08/2021,6301,18,LUF0721694,G13,Frais Admin du Compte,,
WES France,00306452,A09,25/08/2021,6301,18,LUF0721695,G13,Frais Admin du Compte,,
WES France,00058246,A09,25/08/2021,6301,18,LUF0721696,G13,Frais Admin du Compte,,
WES France,00307347,A09,25/08/2021,6301,18,LUF0721697,G13,Frais Admin du Compte,,
WES France,00305847,A09,25/08/2021,6301,18,LUF0721698,G13,Frais Admin du Compte,,
WES France,00306543,A09,25/08/2021,6301,18,LUF0721699,G13,Frais Admin du Compte,,
WES France,00062925,A09,25/08/2021,6301,18,LUF0721700,G13,Frais Admin du Compte,,
WES France,00307064,A09,25/08/2021,6301,18,LUF0721701,G13,Frais Admin du Compte,,
WES France,00306825,A09,25/08/2021,6301,18,LUF0721702,G13,Frais Admin du Compte,,
WES France,00306390,A09,25/08/2021,6301,18,LUF0721703,G13,Frais Admin du Compte,,
WES France,00306893,A09,25/08/2021,6301,18,LUF0721704,G13,Frais Admin du Compte,,
WES France,00063522,A09,25/08/2021,6301,18,LUF0721705,G13,Frais Admin du Compte,,
WES France,00024614,A09,25/08/2021,6301,18,LUF0721706,G13,Frais Admin du Compte,,
WES France,00070227,A09,25/08/2021,6301,18,LUF0721707,G13,Frais Admin du Compte,,
WES France,00305313,A09,25/08/2021,6301,18,LUF0721708,G13,Frais Admin du Compte,,
WES France,00306565,A09,25/08/2021,6301,18,LUF0721709,G13,Frais Admin du Compte,,
WES France,00047705,A09,25/08/2021,6301,18,LUF0721710,G13,Frais Admin du Compte,,
WES France,00306929,A09,25/08/2021,6301,18,LUF0721711,G13,Frais Admin du Compte,,
WES France,00074634,A09,25/08/2021,6301,18,LUF0721712,G13,Frais Admin du Compte,,
WES France,00306082,A09,25/08/2021,6301,18,LUF0721713,G13,Frais Admin du Compte,,
WES France,00306696,A09,25/08/2021,6301,18,LUF0721714,G13,Frais Admin du Compte,,
WES France,00307050,A09,25/08/2021,6301,18,LUF0721715,G13,Frais Admin du Compte,,
WES France,00072957,A09,25/08/2021,6301,18,LUF0721716,G13,Frais Admin du Compte,,
WES France,00067659,A09,25/08/2021,6301,18,LUF0721717,G13,Frais Admin du Compte,,
WES France,00074636,A09,25/08/2021,6301,18,LUF0721719,G13,Frais Admin du Compte,,
WES France,00305296,A09,25/08/2021,6301,18,LUF0721720,G13,Frais Admin du Compte,,
WES France,00305218,A09,25/08/2021,6301,18,LUF0721722,G13,Frais Admin du Compte,,
WES France,00305550,A09,25/08/2021,6301,18,LUF0721723,G13,Frais Admin du Compte,,
WES France,00305786,A09,25/08/2021,6301,18,LUF0721724,G13,Frais Admin du Compte,,
WES France,00305938,A09,25/08/2021,6301,18,LUF0721725,G13,Frais Admin du Compte,,
WES France,00307310,A09,25/08/2021,6301,18,LUF0721726,G13,Frais Admin du Compte,,
WES France,00074479,A09,25/08/2021,6301,18,LUF0721727,G13,Frais Admin du Compte,,
WES France,00305893,A09,25/08/2021,6301,18,LUF0721728,G13,Frais Admin du Compte,,
WES France,00307128,A09,25/08/2021,6301,18,LUF0721729,G13,Frais Admin du Compte,,
WES France,00064022,A09,25/08/2021,6301,18,LUF0721730,G13,Frais Admin du Compte,,
WES France,00305356,A09,25/08/2021,6301,18,LUF0721731,G13,Frais Admin du Compte,,
WES France,00305993,A09,25/08/2021,6301,18,LUF0721732,G13,Frais Admin du Compte,,
WES France,00060561,A09,25/08/2021,6301,18,LUF0721733,G13,Frais Admin du Compte,,
WES France,00074843,A09,25/08/2021,6301,18,LUF0721734,G13,Frais Admin du Compte,,
WES France,00305637,A09,25/08/2021,6301,18,LUF0721735,G13,Frais Admin du Compte,,
WES France,00305395,A09,25/08/2021,6301,18,LUF0721736,G13,Frais Admin du Compte,,
WES France,00305355,A09,25/08/2021,6301,18,LUF0721739,G13,Frais Admin du Compte,,
WES France,00059573,A09,25/08/2021,6301,18,LUF0721740,G13,Frais Admin du Compte,,
WES France,00305721,A09,25/08/2021,6301,18,LUF0721741,G13,Frais Admin du Compte,,
WES France,00305718,A09,25/08/2021,6301,18,LUF0721742,G13,Frais Admin du Compte,,
WES France,00074792,A09,25/08/2021,6301,18,LUF0721743,G13,Frais Admin du Compte,,
WES France,00056277,A09,25/08/2021,6301,18,LUF0721744,G13,Frais Admin du Compte,,
WES France,00045695,A09,25/08/2021,6301,18,LUF0721745,G13,Frais Admin du Compte,,
WES France,00307067,A09,25/08/2021,6301,18,LUF0721746,G13,Frais Admin du Compte,,
WES France,00307137,A09,25/08/2021,6301,18,LUF0721747,G13,Frais Admin du Compte,,
WES France,00306552,A09,25/08/2021,6301,18,LUF0721748,G13,Frais Admin du Compte,,
WES France,00307235,A09,25/08/2021,6301,18,LUF0721749,G13,Frais Admin du Compte,,
WES France,00065333,A09,25/08/2021,6301,18,LUF0721750,G13,Frais Admin du Compte,,
WES France,00306853,A09,25/08/2021,6301,18,LUF0721751,G13,Frais Admin du Compte,,
WES France,00306668,A09,25/08/2021,6301,18,LUF0721752,G13,Frais Admin du Compte,,
WES France,00072599,A09,25/08/2021,6301,18,LUF0721753,G13,Frais Admin du Compte,,
WES France,00068532,A09,25/08/2021,6301,18,LUF0721754,G13,Frais Admin du Compte,,
WES France,00305274,A09,25/08/2021,6301,18,LUF0721755,G13,Frais Admin du Compte,,
WES France,00062001,A09,25/08/2021,6301,18,LUF0721756,G13,Frais Admin du Compte,,
WES France,00052283,A09,25/08/2021,6301,18,LUF0721757,G13,Frais Admin du Compte,,
WES France,00073733,A09,25/08/2021,6301,18,LUF0721758,G13,Frais Admin du Compte,,
WES France,00306337,A09,25/08/2021,6301,18,LUF0721759,G13,Frais Admin du Compte,,
WES France,00056962,A09,25/08/2021,6301,18,LUF0721760,G13,Frais Admin du Compte,,
WES France,00305539,A09,25/08/2021,6301,18,LUF0721761,G13,Frais Admin du Compte,,
WES France,00307181,A09,25/08/2021,6301,18,LUF0721762,G13,Frais Admin du Compte,,
WES France,00307185,A09,25/08/2021,6301,18,LUF0721763,G13,Frais Admin du Compte,,
WES France,00306083,A09,25/08/2021,6301,18,LUF0721764,G13,Frais Admin du Compte,,
WES France,00306176,A09,25/08/2021,6301,18,LUF0721765,G13,Frais Admin du Compte,,
WES France,00306166,A09,25/08/2021,6301,18,LUF0721767,G13,Frais Admin du Compte,,
WES France,00306371,A09,25/08/2021,6301,18,LUF0721769,G13,Frais Admin du Compte,,
WES France,00307197,A09,25/08/2021,6301,18,LUF0721771,G13,Frais Admin du Compte,,
WES France,00307280,A09,25/08/2021,6301,18,LUF0721772,G13,Frais Admin du Compte,,
WES France,00050545,A09,25/08/2021,6301,18,LUF0721773,G13,Frais Admin du Compte,,
WES France,00307221,A09,25/08/2021,6301,18,LUF0721774,G13,Frais Admin du Compte,,
WES France,00053221,A09,25/08/2021,6301,18,LUF0721775,G13,Frais Admin du Compte,,
WES France,00306683,A09,25/08/2021,6301,18,LUF0721776,G13,Frais Admin du Compte,,
WES France,00073462,A09,25/08/2021,6301,18,LUF0721778,G13,Frais Admin du Compte,,
WES France,00306822,A09,25/08/2021,6301,18,LUF0721779,G13,Frais Admin du Compte,,
WES France,00305639,A09,25/08/2021,6301,18,LUF0721780,G13,Frais Admin du Compte,,
WES France,00306586,A09,25/08/2021,6301,18,LUF0721781,G13,Frais Admin du Compte,,
WES France,00307083,A09,25/08/2021,6301,18,LUF0721782,G13,Frais Admin du Compte,,
WES France,00305519,A09,25/08/2021,6301,18,LUF0721783,G13,Frais Admin du Compte,,
WES France,00306644,A09,25/08/2021,6301,18,LUF0721784,G13,Frais Admin du Compte,,
WES France,00306823,A09,25/08/2021,6301,18,LUF0721785,G13,Frais Admin du Compte,,
WES France,00305480,A09,25/08/2021,6301,18,LUF0721786,G13,Frais Admin du Compte,,
WES France,00306656,A09,25/08/2021,6301,18,LUF0721787,G13,Frais Admin du Compte,,
WES France,00306230,A09,25/08/2021,6301,18,LUF0721788,G13,Frais Admin du Compte,,
WES France,00306722,A09,25/08/2021,6301,18,LUF0721789,G13,Frais Admin du Compte,,
WES France,00306124,A09,25/08/2021,6301,18,LUF0721790,G13,Frais Admin du Compte,,
WES France,00305330,A09,25/08/2021,6301,18,LUF0721791,G13,Frais Admin du Compte,,
WES France,00305260,A09,25/08/2021,6301,18,LUF0721792,G13,Frais Admin du Compte,,
WES France,00305459,A09,25/08/2021,6301,18,LUF0721793,G13,Frais Admin du Compte,,
WES France,00306175,A09,25/08/2021,6301,18,LUF0721794,G13,Frais Admin du Compte,,
WES France,00306248,A09,25/08/2021,6301,18,LUF0721795,G13,Frais Admin du Compte,,
WES France,00306510,A09,25/08/2021,6301,18,LUF0721796,G13,Frais Admin du Compte,,
WES France,00305989,A09,25/08/2021,6301,18,LUF0721797,G13,Frais Admin du Compte,,
WES France,00306440,A09,25/08/2021,6301,18,LUF0721798,G13,Frais Admin du Compte,,
WES France,00073872,A09,25/08/2021,6301,18,LUF0721799,G13,Frais Admin du Compte,,
WES France,00306465,A09,25/08/2021,6301,18,LUF0721800,G13,Frais Admin du Compte,,
WES France,00305702,A09,25/08/2021,6301,18,LUF0721801,G13,Frais Admin du Compte,,
WES France,00075118,A09,25/08/2021,6301,18,LUF0721802,G13,Frais Admin du Compte,,
WES France,00305514,A09,25/08/2021,6301,18,LUF0721803,G13,Frais Admin du Compte,,
WES France,00305787,A09,25/08/2021,6301,18,LUF0721804,G13,Frais Admin du Compte,,
WES France,00305755,A09,25/08/2021,6301,18,LUF0721805,G13,Frais Admin du Compte,,
WES France,00306852,A09,25/08/2021,6301,18,LUF0721807,G13,Frais Admin du Compte,,
WES France,00306781,A09,25/08/2021,6301,18,LUF0721808,G13,Frais Admin du Compte,,
WES France,00306317,A09,25/08/2021,6301,18,LUF0721809,G13,Frais Admin du Compte,,
WES France,00073695,A09,25/08/2021,6301,18,LUF0721810,G13,Frais Admin du Compte,,
WES France,00072347,A09,25/08/2021,6301,18,LUF0721811,G13,Frais Admin du Compte,,
WES France,00029130,A09,25/08/2021,6301,18,LUF0721812,G13,Frais Admin du Compte,,
WES France,00063069,A09,25/08/2021,6301,18,LUF0721813,G13,Frais Admin du Compte,,
WES France,00073068,A09,25/08/2021,6301,18,LUF0721814,G13,Frais Admin du Compte,,
WES France,00072824,A09,25/08/2021,6301,18,LUF0721815,G13,Frais Admin du Compte,,
WES France,00021245,A09,25/08/2021,6301,18,LUF0721816,G13,Frais Admin du Compte,,
WES France,00071427,A09,25/08/2021,6301,18,LUF0721817,G13,Frais Admin du Compte,,
WES France,00053115,A09,25/08/2021,6301,18,LUF0721818,G13,Frais Admin du Compte,,
WES France,00062273,A09,25/08/2021,6301,18,LUF0721819,G13,Frais Admin du Compte,,
WES France,00066292,A09,25/08/2021,6301,18,LUF0721820,G13,Frais Admin du Compte,,
WES France,00062536,A09,25/08/2021,6301,18,LUF0721821,G13,Frais Admin du Compte,,
WES France,00065729,A09,25/08/2021,6301,18,LUF0721822,G13,Frais Admin du Compte,,
WES France,00064907,A09,25/08/2021,6301,18,LUF0721823,G13,Frais Admin du Compte,,
WES France,00307114,A09,25/08/2021,6301,18,LUF0721824,G13,Frais Admin du Compte,,
WES France,00039036,A09,25/08/2021,6301,18,LUF0721825,G13,Frais Admin du Compte,,
WES France,00049113,A09,25/08/2021,6301,18,LUF0721826,G13,Frais Admin du Compte,,
WES France,00040230,A09,25/08/2021,6301,18,LUF0721827,G13,Frais Admin du Compte,,
WES France,00041924,A09,25/08/2021,6301,18,LUF0721828,G13,Frais Admin du Compte,,
WES France,00071726,A09,25/08/2021,6301,18,LUF0721830,G13,Frais Admin du Compte,,
WES France,00062354,A09,25/08/2021,6301,18,LUF0721831,G13,Frais Admin du Compte,,
WES France,00069074,A09,25/08/2021,6301,18,LUF0721832,G13,Frais Admin du Compte,,
WES France,00057837,A09,25/08/2021,6301,18,LUF0721833,G13,Frais Admin du Compte,,
WES France,00052840,A09,25/08/2021,6301,18,LUF0721834,G13,Frais Admin du Compte,,
WES France,00073133,A09,25/08/2021,6301,18,LUF0721835,G13,Frais Admin du Compte,,
WES France,00306159,A09,25/08/2021,6301,18,LUF0721836,G13,Frais Admin du Compte,,
WES France,00037857,A09,25/08/2021,6301,18,LUF0721837,G13,Frais Admin du Compte,,
WES France,00065952,A09,25/08/2021,6301,18,LUF0721838,G13,Frais Admin du Compte,,
WES France,00065805,A09,25/08/2021,6301,18,LUF0721839,G13,Frais Admin du Compte,,
WES France,00072616,A09,25/08/2021,6301,18,LUF0721840,G13,Frais Admin du Compte,,
WES France,00066965,A09,25/08/2021,6301,18,LUF0721841,G13,Frais Admin du Compte,,
WES France,00038208,A09,25/08/2021,6301,18,LUF0721842,G13,Frais Admin du Compte,,
WES France,00071898,A09,25/08/2021,6301,18,LUF0721843,G13,Frais Admin du Compte,,
WES France,00071613,A09,25/08/2021,6301,18,LUF0721844,G13,Frais Admin du Compte,,
WES France,00069601,A09,25/08/2021,6301,18,LUF0721845,G13,Frais Admin du Compte,,
WES France,00052768,A09,25/08/2021,6301,18,LUF0721846,G13,Frais Admin du Compte,,
WES France,00068177,A09,25/08/2021,6301,18,LUF0721847,G13,Frais Admin du Compte,,
WES France,00066589,A09,25/08/2021,6301,18,LUF0721848,G13,Frais Admin du Compte,,
WES France,00024173,A09,25/08/2021,6301,18,LUF0721849,G13,Frais Admin du Compte,,
WES France,00069153,A09,25/08/2021,6301,18,LUF0721850,G13,Frais Admin du Compte,,
WES France,00034271,A09,25/08/2021,6301,18,LUF0721851,G13,Frais Admin du Compte,,
WES France,00065673,A09,25/08/2021,6301,18,LUF0721852,G13,Frais Admin du Compte,,
WES France,00064445,A09,25/08/2021,6301,18,LUF0721853,G13,Frais Admin du Compte,,
WES France,00062232,A09,25/08/2021,6301,18,LUF0721854,G13,Frais Admin du Compte,,
WES France,00068273,A09,25/08/2021,6301,18,LUF0721855,G13,Frais Admin du Compte,,
WES France,00057126,A09,25/08/2021,6301,18,LUF0721856,G13,Frais Admin du Compte,,
WES France,00062698,A09,25/08/2021,6301,18,LUF0721857,G13,Frais Admin du Compte,,
WES France,00307160,A09,25/08/2021,6301,18,LUF0721858,G13,Frais Admin du Compte,,
WES France,00058690,A09,25/08/2021,6301,18,LUF0721859,G13,Frais Admin du Compte,,
WES France,00071705,A09,25/08/2021,6301,18,LUF0721861,G13,Frais Admin du Compte,,
WES France,00047626,A09,25/08/2021,6301,18,LUF0721862,G13,Frais Admin du Compte,,
WES France,00039968,A09,25/08/2021,6301,18,LUF0721863,G13,Frais Admin du Compte,,
WES France,00047787,A09,25/08/2021,6301,18,LUF0721864,G13,Frais Admin du Compte,,
WES France,00307356,A09,25/08/2021,6301,18,LUF0721865,G13,Frais Admin du Compte,,
WES France,00055846,A09,25/08/2021,6301,18,LUF0721866,G13,Frais Admin du Compte,,
WES France,00067499,A09,25/08/2021,6301,18,LUF0721867,G13,Frais Admin du Compte,,
WES France,00064187,A09,25/08/2021,6301,18,LUF0721868,G13,Frais Admin du Compte,,
WES France,00004852,A09,25/08/2021,6301,18,LUF0721869,G13,Frais Admin du Compte,,
WES France,00072316,A09,25/08/2021,6301,18,LUF0721870,G13,Frais Admin du Compte,,
WES France,00072414,A09,25/08/2021,6301,18,LUF0721871,G13,Frais Admin du Compte,,
WES France,00063131,A09,25/08/2021,6301,18,LUF0721872,G13,Frais Admin du Compte,,
WES France,00054078,A09,25/08/2021,6301,18,LUF0721873,G13,Frais Admin du Compte,,
WES France,00058482,A09,25/08/2021,6301,18,LUF0721874,G13,Frais Admin du Compte,,
WES France,00033481,A09,25/08/2021,6301,18,LUF0721875,G13,Frais Admin du Compte,,
WES France,00045186,A09,25/08/2021,6301,18,LUF0721876,G13,Frais Admin du Compte,,
WES France,00045211,A09,25/08/2021,6301,18,LUF0721877,G13,Frais Admin du Compte,,
WES France,00062907,A09,25/08/2021,6301,18,LUF0721878,G13,Frais Admin du Compte,,
WES France,00062938,A09,25/08/2021,6301,18,LUF0721879,G13,Frais Admin du Compte,,
WES France,00066192,A09,25/08/2021,6301,18,LUF0721880,G13,Frais Admin du Compte,,
WES France,00071425,A09,25/08/2021,6301,18,LUF0721881,G13,Frais Admin du Compte,,
WES France,00070893,A09,25/08/2021,6301,18,LUF0721882,G13,Frais Admin du Compte,,
WES France,00040229,A09,25/08/2021,6301,18,LUF0721883,G13,Frais Admin du Compte,,
WES France,00074626,A09,25/08/2021,6301,18,LUF0721884,G13,Frais Admin du Compte,,
WES France,00029534,A09,25/08/2021,6301,18,LUF0721885,G13,Frais Admin du Compte,,
WES France,00066578,A09,25/08/2021,6301,18,LUF0721886,G13,Frais Admin du Compte,,
WES France,00306235,A09,25/08/2021,6301,18,LUF0721887,G13,Frais Admin du Compte,,
WES France,00049708,A09,25/08/2021,6301,18,LUF0721889,G13,Frais Admin du Compte,,
WES France,00066742,A09,25/08/2021,6301,18,LUF0721890,G13,Frais Admin du Compte,,
WES France,00070024,A09,25/08/2021,6301,18,LUF0721891,G13,Frais Admin du Compte,,
WES France,00071100,A09,25/08/2021,6301,18,LUF0721892,G13,Frais Admin du Compte,,
WES France,00041713,A09,25/08/2021,6301,18,LUF0721893,G13,Frais Admin du Compte,,
WES France,00059502,A09,25/08/2021,6301,18,LUF0721894,G13,Frais Admin du Compte,,
WES France,00056462,A09,25/08/2021,6301,18,LUF0721895,G13,Frais Admin du Compte,,
WES France,00063299,A09,25/08/2021,6301,18,LUF0721896,G13,Frais Admin du Compte,,
WES France,00074776,A09,25/08/2021,6301,18,LUF0721897,G13,Frais Admin du Compte,,
WES France,00056803,A09,25/08/2021,6301,18,LUF0721898,G13,Frais Admin du Compte,,
WES France,00036720,A09,25/08/2021,6301,18,LUF0721899,G13,Frais Admin du Compte,,
WES France,00072149,A09,25/08/2021,6301,18,LUF0721900,G13,Frais Admin du Compte,,
WES France,00068043,A09,25/08/2021,6301,18,LUF0721901,G13,Frais Admin du Compte,,
WES France,00071713,A09,25/08/2021,6301,18,LUF0721902,G13,Frais Admin du Compte,,
WES France,00072238,A09,25/08/2021,6301,18,LUF0721903,G13,Frais Admin du Compte,,
WES France,00061544,A09,25/08/2021,6301,18,LUF0721904,G13,Frais Admin du Compte,,
WES France,00051430,A09,25/08/2021,6301,18,LUF0721905,G13,Frais Admin du Compte,,
WES France,00039983,A09,25/08/2021,6301,18,LUF0721906,G13,Frais Admin du Compte,,
WES France,00069043,A09,25/08/2021,6301,18,LUF0721908,G13,Frais Admin du Compte,,
WES France,00038138,A09,25/08/2021,6301,18,LUF0721909,G13,Frais Admin du Compte,,
WES France,00024847,A09,25/08/2021,6301,18,LUF0721910,G13,Frais Admin du Compte,,
WES France,00056112,A09,25/08/2021,6301,18,LUF0721911,G13,Frais Admin du Compte,,
WES France,00069097,A09,25/08/2021,6301,18,LUF0721912,G13,Frais Admin du Compte,,
WES France,00042274,A09,25/08/2021,6301,18,LUF0721913,G13,Frais Admin du Compte,,
WES France,00052503,A09,25/08/2021,6301,18,LUF0721915,G13,Frais Admin du Compte,,
WES France,00054382,A09,25/08/2021,6301,18,LUF0721916,G13,Frais Admin du Compte,,
WES France,00070714,A09,25/08/2021,6301,18,LUF0721917,G13,Frais Admin du Compte,,
WES France,00070575,A09,25/08/2021,6301,18,LUF0721918,G13,Frais Admin du Compte,,
WES France,00070066,A09,25/08/2021,6301,18,LUF0721919,G13,Frais Admin du Compte,,
WES France,00067295,A09,25/08/2021,6301,18,LUF0721920,G13,Frais Admin du Compte,,
WES France,00073244,A09,25/08/2021,6301,18,LUF0721921,G13,Frais Admin du Compte,,
WES France,00062862,A09,25/08/2021,6301,18,LUF0721922,G13,Frais Admin du Compte,,
WES France,00074775,A09,25/08/2021,6301,18,LUF0721923,G13,Frais Admin du Compte,,
WES France,00052631,A09,25/08/2021,6301,18,LUF0721924,G13,Frais Admin du Compte,,
WES France,00056781,A09,25/08/2021,6301,18,LUF0721925,G13,Frais Admin du Compte,,
WES France,00038701,A09,25/08/2021,6301,18,LUF0721926,G13,Frais Admin du Compte,,
WES France,00066032,A09,25/08/2021,6301,18,LUF0721927,G13,Frais Admin du Compte,,
WES France,00068533,A09,25/08/2021,6301,18,LUF0721928,G13,Frais Admin du Compte,,
WES France,00070684,A09,25/08/2021,6301,18,LUF0721929,G13,Frais Admin du Compte,,
WES France,00047828,A09,25/08/2021,6301,18,LUF0721930,G13,Frais Admin du Compte,,
WES France,00306427,A09,25/08/2021,6301,18,LUF0721931,G13,Frais Admin du Compte,,
WES France,00043413,A09,25/08/2021,6301,18,LUF0721933,G13,Frais Admin du Compte,,
WES France,00048452,A09,25/08/2021,6301,18,LUF0721934,G13,Frais Admin du Compte,,
WES France,00035732,A09,25/08/2021,6301,18,LUF0721935,G13,Frais Admin du Compte,,
WES France,00070530,A09,25/08/2021,6301,18,LUF0721936,G13,Frais Admin du Compte,,
WES France,00070383,A09,25/08/2021,6301,18,LUF0721937,G13,Frais Admin du Compte,,
WES France,00068830,A09,25/08/2021,6301,18,LUF0721938,G13,Frais Admin du Compte,,
WES France,00019158,A09,25/08/2021,6301,18,LUF0721939,G13,Frais Admin du Compte,,
WES France,00069364,A09,25/08/2021,6301,18,LUF0721940,G13,Frais Admin du Compte,,
WES France,00067889,A09,25/08/2021,6301,18,LUF0721941,G13,Frais Admin du Compte,,
WES France,00069037,A09,25/08/2021,6301,18,LUF0721942,G13,Frais Admin du Compte,,
WES France,00064786,A09,25/08/2021,6301,18,LUF0721943,G13,Frais Admin du Compte,,
WES France,00043266,A09,25/08/2021,6301,18,LUF0721944,G13,Frais Admin du Compte,,
WES France,00072829,A09,25/08/2021,6301,18,LUF0721946,G13,Frais Admin du Compte,,
WES France,00063349,A09,25/08/2021,6301,18,LUF0721947,G13,Frais Admin du Compte,,
WES France,00073085,A09,25/08/2021,6301,18,LUF0721948,G13,Frais Admin du Compte,,
WES France,00072841,A09,25/08/2021,6301,18,LUF0721949,G13,Frais Admin du Compte,,
